SampleShort,barcodes,type
1.3X,CACCCACGTTGA,.X
1.5X,TCACTTGGTGCG,.X
10C,TTCTTTGCAATG,C
10F,CCTACATGAGAC,F
10M,GAGTAGGGCACC,M
11CF1,TTCAAGTTCGTT,CF
11CF2,TGCTCCGTAGAA,CF
11M,GAGCCTCCCTCC,M
12.10X,ACAATAGACACC,.X
12.9X,GCGGATGCGGAT,.X
12C,GAATAAGCTGAT,C
12F,GAGGCTGATTTA,F
12M,GACTTATGCCCG,M
13C,ATCGGGCTTAAC,C
13F,CATTACTTATGC,F
13M,TCTGGGCATTGA,M
14C,CACACTGAAGTC,C
14F,ACTTTCTTCGAA,F
14M,AGAATAGCGCTT,M
15C,TGAGCTGCGGGA,C
15F,CAATTAATGTAT,F
15M,AGAGGTATTTGA,M
16C,CACGTCGCGGAG,C
16F,AGGTGGTGGAGT,F
16M,ACCCACCACTAG,M
17C,CGCCGCCAGGTG,C
17F,AGGTCCAAATCA,F
17M,TAGTTGAGCTGA,M
18C,CGTCTTTGATAT,C
18F,CACCTGTAGTAG,F
18M,CGTTACCGGACT,M
19C,GTCCTGACACTG,C
19F,TCGACATCTCTT,F
19M,CGACTGCAGCTT,M
1C,CCGCCGTAGGGC,C
1F,GTCCACTTGGAC,F
1M,GCAGGCCCACGA,M
2.17X,AATTCCGAACGC,.X
2.7X,AATTGGCGGGCG,.X
20C,ATTCGCCAAGAA,C
20F,AGTGCGTTCTAG,F
20M,CAGTGATACTGC,M
21C,CGGACATGCGGA,C
21F,GGACTCAACTAA,F
21M,GATGACCCAAAT,M
22C,ACGTGGTTCCAC,C
22F,ACCGTCTTTCTC,F
22M,CTCGACTGCCTG,M
23C,TTGATAGTCTTA,C
23F,ATAGATCAGAAC,F
23M,AGTCCTTTATCC,M
24C,CGTTAAGTCAGC,C
24F,GACTAAGACTAA,F
24M,ATCAATTGTCCT,M
25C,ATTACTACACTC,C
25F,AGAAACAGCTCT,F
25M,CGCCCTCTTCTT,M
26C,AAGGACCGTTTC,C
26F,GTAGCACTCATG,F
26M,TTATAGATCTCC,M
27C,ATCACTCTTGTA,C
27F,AGGCAGGGCCAT,F
27M,ATTTAATCATCG,M
28C,TGCGCAAAGGAG,C
28F,TCACCTCCTTGT,F
28M,GCGTCTCGTCCA,M
29C,TTGAATCCTAAT,C
29F,GGTAGCGACGCC,F
29M,GTGTAGGTGCTT,M
2C,ACAGAGAATTAC,C
2F,GATCGGTTAATG,F
2M,GTATAGTCCGTG,M
3.17X,AGAACCGTCATA,.X
3.22X,ATAAGTAACCGC,.X
3.24X,GCACCCTGGTCT,.X
3.3X,CATTAAAGTTCT,.X
30C,CAACAGGTAACT,C
30F,TCGTGACGCTAA,F
30M,CCGAAGATTCTG,M
31C,CGGTGCGAAAGC,C
31F,CTGTGATCGGAT,F
31M,GACAAGAAGGTG,M
32C,CACGAGCTACTC,C
32F,TGGACGGCCCAG,F
32M,GCTGTTTGACCG,M
33C,GTCCGCAAGTTA,C
33F,GCTCAGGACTCT,F
33M,ACTAGGATCAGT,M
34C,ATGAAGCACTGT,C
34F,CGGACTCGTTAC,F
34M,GACGGCTATGTT,M
35C,GGCATGTTATCG,C
35F,TCACGTATTCTC,F
35M,CAACACATGCTG,M
36C,CGATTTAGGCCA,C
36F,ATAAGGTCGCCT,F
36M,TCGTTCAGGACC,M
37C,CAGACGAGGAAC,C
37F,GACTTCATGCGA,F
37M,TTGCAAGTACCG,M
38C,TGAACGTTGGAT,C
38F,GTGTTGTCGTGC,F
38M,GCTTGGTAGGTT,M
39C,CGGGATCAAATT,C
39F,CGTCGATTGCAC,F
39M,CTCGATGTAAGC,M
3C,ATGAGATGATAC,C
3F,TGGGAGGTGGTA,F
3M,ACGCGTGCCCGG,M
4.14X,ACGCAATGTCTG,.X
4.5X,AGAAAGGGTGTG,.X
4.7X,GTCTCGCCTACG,.X
40C,CAAATCATTTCA,C
40F,ATTATCGTCCCT,F
40M,CTACAATTGAGG,M
41C,GTCCATGGTTCG,C
41F,AGGCGCTCTCCT,F
41M,CGTTAGTGACTG,M
42C,CGAACAGAGCGC,C
42F,TCTGAATGGTAG,F
42M,ATCTGTTACAAT,M
43C,TGGGCCGGAATG,C
43F,ATAATAACTTGT,F
43M,ACCATTACCATT,M
44C,TAGTACTATACT,C
44F,ATTCCATTTAGA,F
44M,GCCGACGTGCCG,M
45C,CAGGGAGGATCC,C
45F,CACCTTACCTTA,F
45M,ATATATAGTATC,M
46C,TGACCGGCTGTT,C
46F,GTTATGACGGAT,F
46M,GAGATTTAAGCA,M
47C,CTGCTGGGAAGG,C
47F,TTGCTCAATTTG,F
47M,GGACTATCGTTG,M
48C,CGCTCGACTCCA,C
48F,CAGCGTTTAGCC,F
48M,TCCTTAGAAGGC,M
49C,CCAGCCTTCAGA,C
49F,ATAGCACCAGAT,F
49M,TCCTCTTTGGTC,M
4C,TCAAACTTTCGT,C
4F,ATGAATGCGTCC,F
4M,CGGGCACCGGTC,M
50C,TACGCAGCACTA,C
50F,TTCGCAGATACG,F
50M,TGGAGAGGAGAT,M
51C,GCGCGAATGGTG,C
51F,CATCCCTCTACT,F
51M,ATTCAGATGGCA,M
53C,ATTCTGCCGAAG,C
53F,TCGCCTATAAGG,F
53M,TGACAACCGAAT,M
54C,AACACATGGGTT,C
54F,CGTACCAGATCC,F
54M,TACATATCTACA,M
55C,TCGCATGGATAC,C
55F,TTATTCTCTAGG,F
55M,TTGCCTGGGTCA,M
56C,CTTTGGGCCGCT,C
56F,GCCGGTACTCTA,F
56M,AAGCACGTCTCA,M
57C,CCTGGAATTAAG,C
57F,TCTAGGTTATTC,F
57M,GGTTTAACACGC,M
58C,TTCGTGAGGATA,C
58F,GTGAACTGGATT,F
58M,ATCAAACGCATG,M
59C,CTATTAAGCGGC,C
59F,CAAGCCCTAGTA,F
59M,ATTAACTCCTAC,M
5C,ATATTTCATGGT,C
5F,CCTGTAGGTTGC,F
5M,ATTAGCAGCGTA,M
60C,TGTCTACATACT,C
60F,ACGGACTGGCGC,F
60M,GCGTCATGCATC,M
61C,ATTAGATTGGAG,C
61F,GTAGATCGTGTA,F
61M,TCGTCCTCGCGA,M
62C,CATTAGCTGGAA,C
62F,TGTCCTATCAAT,F
62M,GCCGCTCTTTGG,M
63C,GATCTTGTTTGT,C
63F,CCTCGGGTACTA,F
63M,ATTCGAGCTGTG,M
64C,GGAAGAAGTAGC,C
64F,TCTTCAACTACC,F
64M,GGATCAGCCGCG,M
65C,TCTAAGAAAGAA,C
65F,TAGGCTCGTGCT,F
65M,CATACTTGTCTA,M
66C,CTATCATCCTCA,C
66F,TCCGAGTCACCA,F
66M,TGTCCAGTTCGG,M
6C,CTTACTTTAACG,C
6F,CACTTAAGAGAA,F
6M,AGGTACGCAATT,M
7C,GGCCGCGATCGA,C
7F,GTGTACATAACG,F
7M,GATTAATGGAAC,M
8.10X,TGTGACAGGGCG,.X
8.11X,TATGATTGCATT,.X
8.12X,TCCTATCGGCCG,.X
8.16X,GCTCCGACCATA,.X
8.17X,GGCGCCATCTCT,.X
8.4X,CTTGGCCTGTAG,.X
8.5X,AAGAGCAGAGCC,.X
8C,TACGTCGTTATT,C
8F,CTGTCGTGTCAG,F
8M,CTAGGATCACTG,M
9.6X,AAGGCCTTTACG,.X
9.8X,CGAGACCTGGGC,.X
9.9X,TTGACCGCGGTT,.X
9C,CAGAAGGTGTGG,C
9F,CGTGGAAGACGA,F
9M,CAGAGGCAGGCT,M
e5.7,TGGAAGAACGGC,e.
N5.7,CTCCTCCCTTAC,N.
NS5.7,GCGAACCTATAC,NS.
SGH,AATGGCGACTAT,SGH
SGW,GGTCCACCTAAC,SGW
SL5.7,TATCGCGCGATA,SL.